,Obs_mean,Economic infrastructure and services,Multi-sector / Cross-cutting,Production sectors,Social infrastructure and services,OECD,KOICA,Guerra de Corea,gdp_2002,gdp_2003,gdp_2004,gdp_2005,gdp_2006,gdp_2007,gdp_2008,gdp_2009,gdp_2010,gdp_2011,gdp_2012,gdp_2013,gdp_2014,gdp_2015,gdp_2016,gdp_2017,gdp_2018,gdp_2019,gdp_2020,gdp_2021,gdp_2022,gdp_2023,TLC,balanza_2005,balanza_2006,balanza_2007,balanza_2008,balanza_2009,balanza_2010,balanza_2011,balanza_2012,balanza_2013,balanza_2014,balanza_2015,balanza_2016,balanza_2017,balanza_2018,balanza_2019,balanza_2020,balanza_2021,balanza_2022,balanza_2023,balanza_2024,hdr_value
Cameroon,2056158.5801764706,1,1,1,1,0,0,0,12417251350.488163,15970315034.990343,18826214135.641937,19509852206.93408,20910512974.933037,23928250433.037815,27715142032.912952,27932970317.129013,27507501821.029606,30630910495.21702,30155062329.282063,33728621180.323067,36386544706.08061,32210233020.456917,33814337044.376472,36098547033.16547,39955552189.79499,39667757527.65778,40773241177.05051,45011937346.83839,44347206072.55133,49279410982.825966,0,-310.545,-414.398,-495.231,-187.0,8.932,38.103,28.068,43.423,33.656,42.327,-11.883,20.914,-31.077,44.398,-15.072,-23.656,23.52,60.19,58.906,-131.426,151
Georgia,30355.243014473683,1,1,1,1,0,0,0,3395766677.673153,3991377904.1316156,5125365191.986644,6410912049.871047,7745250733.950674,10172931088.565523,12795145130.910282,10766920065.825115,12426907967.157818,15475290469.286894,16894392033.225578,17517660143.685932,17966015109.304302,15223796148.83962,15444548901.963682,16473125375.068438,17902544880.64707,17638337116.9126,16010869215.679968,18853115588.81058,24984568959.604965,30777833585.444084,0,-2.064,10.662,36.344,57.617,17.413,18.854,58.157,76.648,102.772,123.966,59.091,73.525,23.016,9.603,69.726,83.486,92.024,110.586,181.046,126.208,60
Cabo Verde,0.23427771428571428,1,0,1,1,0,0,0,620507387.4661741,813260468.8738337,924940011.8368965,972241676.9076619,1107571457.9061399,1649621738.636892,1959620648.3157773,1852334575.1752055,1824751467.9295683,2046817987.2010858,1913081210.4141111,2028910915.1644647,2041930125.4297915,1749857620.3532875,1849789992.7426016,1996741544.615735,2205099509.1598687,2252177133.7470455,1821565617.6945043,2051842609.6455781,2247003347.633758,2533819406.4915967,0,335.0,631.0,941.0,1.157,889.0,780.0,1.011,727.0,475.0,835.0,1.637,1.414,1.511,6.672,3.914,930.0,3.729,3.111,1.59,3.055,131
Tonga,0.07218052777777778,1,1,1,1,0,0,0,182764260.09543887,202246611.77407008,230677994.61423334,261823827.381488,292232681.6121698,298519618.08753884,344438839.641883,312415046.4124125,366887376.561955,414143823.1816477,471122970.87233704,451788486.86463743,440997738.0140776,437525514.240726,420828262.31792223,459976850.26852924,489714518.002333,494197841.11307716,496856295.76752037,518228012.0912896,518180042.24150884,385979362.43603784,0,931.0,-1.884,-496.0,-730.0,-53.0,-727.0,-1.449,-2.686,-1.537,-1.248,-1.226,-249.0,-3.213,-1.736,473.0,-1.23,-1.45,-723.0,2.591,155.0,98
Nepal,3401406.831976181,1,1,1,1,0,1,0,6050875806.664032,6330473096.540709,7273938314.719876,8130258377.90964,9043715355.888098,10325618017.37897,12545438605.395878,12854985464.076431,16002656434.474615,21573872420.700806,21703100877.13089,22162204924.572582,22731612922.190636,24360801286.76381,24524109483.529346,28971588940.363995,33111525237.14897,34186180699.02548,33433659301.24655,36924841394.26049,41182939600.67002,40908073366.84552,0,12.978,11.454,18.12,22.755,28.076,31.388,35.605,17.307,15.476,17.131,23.678,23.656,32.577,32.999,45.25,57.32,81.542,32.259,25.202,39.44,146
Bhutan,104116.58642078126,1,1,1,1,0,0,0,559345263.7083086,651935430.314445,735348490.4284352,860391000.2216555,942879878.5388786,1255767964.004914,1317517834.5991557,1331343797.773081,1708880730.8727052,1977728659.2562099,1973387228.0392401,1943696951.766127,2089079570.6754606,2187815803.829218,2357504760.597499,2591358009.797921,2583335721.206249,2735683570.2885056,2457604334.159146,2768802959.6079373,2898227743.1354527,1806077890.6105022,0,3.051,1.821,3.111,4.452,6.463,12.995,15.825,7.38,2.888,2.271,4.85,3.682,11.433,4.582,2.009,12.266,9.355,6.975,1.474,-7.193,125
Argentina,0.13042635483870968,1,1,1,1,0,0,0,97724004251.8602,127586973492.17664,164657930452.78662,198737095012.28165,232557260817.3077,287530508430.568,361558037110.41925,332976484577.6189,423627422092.4897,530158122010.44244,545982375701.128,552025140252.2463,526319673731.6383,594749285413.2124,557532320662.9546,643628393281.364,524819892360.1758,447754683615.22455,385740508436.9652,486564085480.0355,632790070063.1237,646075277525.1245,0,-62.747,-225.084,-242.393,-336.565,-177.988,114.842,32.981,-454.951,-120.725,252.921,347.866,-36.986,229.464,130.364,-522.871,-557.443,-1433007.0,-2042028.0,-1182868.0,-999.956,48
Afghanistan,7872308.6856089225,1,1,1,1,0,0,0,3825701438.9996333,4520946818.545814,5224896718.67782,6203256538.709669,6971758282.293506,9747886187.393929,10109297047.543194,12416152732.056717,15856668555.833595,17805098206.314083,19907329777.587166,20146416757.598675,20497128555.69723,19134221644.732494,18116572395.077213,18753456497.815865,18053222687.412624,18799444490.11278,19955929052.149597,14259995441.075907,14497243872.13374,17233051620.111732,0,59.556,78.474,108.91,72.972,88.505,68.116,119.795,143.119,63.675,58.733,39.542,43.288,74.352,93.38,49.908,28.831,23.204,18.428,24.034,31.135,182
Sudan,865112.8880435965,1,1,1,1,0,0,0,18137128388.360603,21355298459.595512,26646007250.731857,35182711987.974014,45263831634.1497,59440139774.81277,64833083257.1431,51621044076.92307,58962978034.48276,55018567210.52632,37632919966.666664,43024018082.19178,49516748617.97752,51726758676.76768,42630376000.0,41283617976.190475,32333780383.29238,32338079165.289257,27034593750.0,34229513774.993607,51666875363.0963,109265503110.9039,0,0.0,0.0,0.0,0.0,0.0,0.0,0.0,94.035,43.788,110.071,145.605,137.609,142.539,69.976,88.355,131.106,139.819,120.765,40.678,45.376,170
India,1794177.938062381,1,1,1,1,0,1,1,514939140318.7556,607700687237.3179,709152728830.7745,820383763511.4454,940259888787.7214,1216736438834.9553,1198895139005.919,1341888016994.8982,1675615519484.959,1823051829894.5461,1827637590410.4143,1856721507621.5764,2039126479154.5168,2103588360044.9392,2294796885663.163,2651474262755.452,2702929641648.7407,2835606256558.195,2674851578587.2686,3167270623260.4688,3353470496886.3335,3567551674623.007,0,2485761.0,1892008.0,1975618.0,2395822.0,3871668.0,5760140.0,4760505.0,5001211.0,5202509.0,7510618.0,7791384.0,7409580.0,10106583.0,9726774.0,9530512.0,7052663.0,7548837.0,9972967.0,11221240.0,12261594.0,134
Fiji,511812.63056863233,1,1,1,1,0,0,0,1833279985.367415,2300492465.322761,2708078476.630121,2980403844.7209597,3076305452.8650646,3378314599.764019,3523185919.558261,2870624635.6803193,3140166712.796239,3779411899.374834,3972028104.4732842,4189967998.514236,4857104791.416095,4682479912.052034,4930213634.356918,5353469171.061095,5581425324.911851,5444407214.31758,4432466237.0958805,4305031630.818084,4969503560.773496,5442046565.047186,0,17.013,16.775,22.945,27.764,14.423,3.167,4.525,9.835,31.835,300.358,318.314,176.13,205.973,229.762,285.422,118.448,155.437,274.705,202.31,172.519,104
Saudi Arabia,0.080666,1,0,1,0,0,0,0,189605866666.66666,215807733333.33334,258742133333.33334,328459608764.1109,376900133511.34845,415964509673.1154,519796800000.0,429097866666.6667,528207200000.0,676634666666.6666,741849866666.6666,753864533333.3334,766605866666.6666,669484266666.6666,666000000000.0,714994666666.6666,846583733333.3334,838564800000.0,734271200000.0,874156000000.0,1108571466666.6667,1067582933333.3334,0,-14012645.0,-17573812.0,-17137665.0,-28528069.0,-15880266.0,-22263329.0,-30008313.0,-30595010.0,-28840928.0,-28437208.0,-10090654.0,-10078406.0,-14401724.0,-22378988.0,-18112878.0,-12678209.0,-20947244.0,-36775118.0,-27437849.0,-26266476.0,40
Zimbabwe,257670.44275066667,1,1,1,1,0,0,0,6342116400.0,5727591800.0,5805598400.0,5755215200.0,5443896500.0,5291950100.0,4415702800.0,9665793300.0,12041655200.0,14101920300.0,17114849900.000002,19091020000.0,19495519600.0,19963120600.0,20548678100.0,51074660513.37147,34156069918.06094,25717409842.447918,26867936444.682613,27240515108.8049,32789751736.332294,35231367885.85537,0,-2.427,-4.492,-35.797,-28.931,8.949,18.111,21.092,27.004,12.608,22.612,14.674,14.566,7.612,21.055,990.0,4.137,10.777,5.668,-1.299,8.238,159
Serbia,169262.22962202702,1,1,1,1,0,0,0,17930583571.30545,23593044417.508606,26845632341.807495,28334256180.880116,33298057361.74117,44888028946.08535,54220641201.647415,46955984409.72705,43536629233.14237,51251098408.09236,45103269969.41118,50455529604.06957,49114321280.34665,41297410634.9586,42225495909.56332,45972834713.80773,52787520248.924194,53864693664.55677,55874017668.998,66159884072.530846,66797564758.339,81342660752.3732,0,0.0,31.007,63.03,59.79,22.231,-23.14,-122.61,-174.125,-11.7,-37.272,-42.434,50.745,31.006,92.376,-99.111,38.85,57.451,51.732,147.85,-53.193,65
Brazil,139435.7589628049,1,1,1,1,0,0,0,509795273806.7151,558233745651.8737,669289424806.307,891633839853.1047,1107626541710.7407,1397114486471.384,1695855083552.0544,1666996438681.463,2208837745214.2334,2616156223977.466,2465227803011.568,2472819535742.7266,2456043727198.8545,1802212206904.6777,1795693482652.5151,2063514977334.3206,1916933898038.3572,1873288205186.4495,1476107231194.106,1670647399034.6658,1951923942083.3196,2173665655937.2737,0,-90.098,356.528,693.765,1545406.0,1567707.0,3040494.0,5478465.0,4200701.0,4116493.0,4015552.0,1435478.0,1013730.0,1804035.0,979.639,512.063,-292.723,-1952933.0,-2954674.0,-2380482.0,-2043457.0,89
Haiti,522821.4861939,1,1,1,1,0,0,0,6205847213.635101,5071947798.272632,6087360684.2969,7030149730.336923,7638739122.672419,9228637767.69009,10432962634.874826,11597002834.778614,11859312725.144835,13008746038.8867,13708925477.130407,14902488604.242088,15146883497.633091,14849629308.602478,14069277526.227812,15093357161.149847,16403864617.84576,15016090929.512514,14508222518.301786,20877414952.63745,20253551920.551617,19850829757.541847,0,14.542,13.904,51.171,10.63,14.199,51.838,31.872,18.164,16.677,36.486,42.442,49.65,72.426,83.028,56.048,61.48,81.285,57.759,40.1,16.455,158
Somalia,165527.93349449997,1,0,1,1,0,0,0,2192684134.5927277,2836724351.561596,3859592813.1025543,4683246454.100484,5026743282.042513,5430713728.89074,5913620292.905734,2948594552.4495163,2687807003.73935,2906000096.932491,4364670160.001464,5062881613.128329,5728399710.563331,6152149080.001677,6613743089.999321,7621501720.000208,7873440838.365593,8655023960.001995,8628393719.999224,9483997404.252272,10202767269.960297,10968517090.000368,0,1.651,904.0,256.0,7.0,716.0,863.0,898.0,1.401,2.013,4.039,-1.0,6.792,13.159,13.732,20.914,15.515,13.392,11.593,12.658,11.945,193
Myanmar,6619283.572642583,1,1,1,1,0,1,0,6777632512.078098,10467109977.671677,10567354056.404905,11986972418.5103,14502553709.830305,20182477480.551235,31862554101.937805,36906181380.81268,49540813342.4834,59977326085.99077,59937796648.21576,60269732854.82703,65531374199.674164,59607290407.59435,63298361996.2153,66053040483.001625,67860515989.517044,75065106227.6892,79006113643.19055,66345291160.16825,62253049891.64494,66757619000.0,1,63.756,24.878,211.292,127.561,327.803,318.917,368.061,979.728,217.804,220.902,154.384,302.171,109.922,-2.054,37.07,144.428,-78.062,-244.76,155.662,-234.088,144
Armenia,45388.24559228125,1,1,1,1,0,0,0,2376335048.399756,2807061008.6908445,3576615240.4161587,4900469511.1019125,6384452066.514603,9206301269.791636,11662040713.875309,8647937081.256197,9260285755.624237,10142111824.583546,10619320682.947443,11121464437.04153,11609513246.795767,10553337518.414,10546136235.521862,11527458709.015797,12457940694.73953,13619290539.211607,12641698583.215239,13878908628.937809,19513506553.125072,24085749592.335915,0,3.057,2.877,10.385,28.943,35.89,12.904,24.029,23.64,19.504,11.301,4.336,3.724,615.0,1.217,-4.014,-10.478,-24.535,1.555,-61.27,-32.734,76
Algeria,456048.92218365625,1,1,1,1,0,0,0,61516103406.16878,73482264190.92455,91913680985.17082,107046618669.707,123084258693.00974,142482739809.84927,180383848331.13458,150317292079.35913,177785053939.53052,218331946925.30356,227143746075.93402,229701430292.1566,238942664192.59,187493855609.34464,180763839522.15082,189880896903.0733,194554483655.52774,193459662090.67682,164873415325.20148,186231205262.08237,225638456572.14276,247626161016.41446,0,173.976,-186.934,121.583,18.34,406.56,1208706.0,991.809,828.676,130.442,-530.727,-14.368,866.233,528.645,-1015425.0,-1045083.0,-649.599,-1705597.0,-3138490.0,-2868724.0,-3341837.0,93
Tajikistan,328947.89783689834,1,1,1,1,0,1,0,1221106220.2867951,1555318261.4172034,2076176869.4108884,2312352020.668896,2830213848.620304,3719524540.86193,5161299725.276728,4979472364.453397,5642221099.177043,6522756255.012003,7633036903.076341,8448411318.254166,9112605459.328451,8271431485.0748415,6992416096.890184,7536402852.858016,7764999999.453624,8300813599.3084,8133963550.657425,8937805347.13963,10713525200.39978,12060602008.847782,0,10.514,6.558,-13.672,35.886,-8.944,-70.295,-34.441,33.488,44.232,45.792,16.318,12.644,9.488,23.821,29.025,45.736,51.446,92.308,114.839,182.906,126
Viet Nam,28555385.417556085,1,1,1,1,0,1,0,35064105500.83445,39552513231.91688,45427854693.25543,57633255738.19916,66371664817.043625,77414425532.24516,99130304099.12743,106014659565.21387,147201173196.97876,172595049183.9247,195590661129.24908,213708811665.34036,233451469642.51938,239258328381.7414,257096001177.98184,281353605986.90344,310106478394.6589,334365270496.66705,346615738537.7963,366474752771.00934,410324028883.32526,429716969043.5717,1,2737611.0,3002620.0,4368466.0,5767732.0,4779507.0,6321258.0,8380676.0,10226726.0,13917278.0,14344157.0,17970521.0,20155559.0,31573023.0,28996860.0,27106237.0,27964319.0,32763363.0,34238963.0,27537753.0,29880641.0,107
Albania,988109.9131967619,1,1,1,1,0,0,0,4348068242.195123,5611496257.142313,7184685781.518761,8052077248.146379,8896075004.635162,10677324852.882233,12881352893.68551,12044205549.65712,11926926615.801525,12890760315.146019,12319834195.331005,12776224496.97176,13228147516.116798,11386853113.0189,11861199830.83956,13019726211.736889,15379509891.719603,15585105131.064415,15241458744.868845,18032010563.7558,19017242585.78034,23547179830.441257,0,276.0,24.67,6.785,12.741,8.462,13.553,17.3,13.962,9.561,11.917,14.758,20.075,7.122,14.663,17.355,18.295,12.932,-10.186,131.258,208.835,74
Benin,94562.19170317857,1,1,1,1,0,0,0,4194342686.2178025,5349258094.482386,6190270380.498556,6567654954.38903,7034111314.888124,8169048382.838754,9787734526.23965,9738626517.003195,9535345011.48797,10693321370.03598,11141358105.985321,12517845127.677475,13284527850.263166,11388160997.108948,11821065852.12709,12701655845.961237,14262408079.701374,14391686309.032972,15651545208.878334,17690083519.932343,17401746309.265457,19676049075.70109,0,15.225,20.54,32.64,40.524,34.856,35.356,29.343,26.834,30.856,58.356,27.722,2.884,14.404,-18.043,23.105,7.496,15.728,19.564,22.38,21.664,173
Guinea,126816.18525483333,1,1,1,1,0,0,0,4301608752.513958,5025167975.263627,5300767960.515724,4282468636.9050093,4220019845.2665796,6281918226.340629,6964179983.181548,6716905339.732438,6853467145.530887,6785137203.331526,7638044556.846559,8376613539.282782,8778473372.821243,8794201742.846092,8595955222.497192,10324668271.136229,11857030366.78909,13442861496.44542,14088693742.94638,17069115737.825916,19910452541.92191,22199409741.25781,0,-146.538,-124.087,-117.782,16.192,28.112,-12.588,32.87,38.658,-128.392,-698.665,3.369,36.68,-29.965,-27.558,-25.973,-50.333,-6.422,-19.25,-23.646,-15.703,181
Guatemala,1384509.1282854492,1,1,1,1,0,0,0,20444205991.02497,21576351798.914482,23577298094.657066,26783389293.92199,29744246827.183907,33567850824.10393,38503720224.31663,37126148264.6383,40676578423.48709,46876006272.23869,49593929487.1263,52996446269.44204,57852153058.50199,62186064718.742386,66053403469.00244,71653754066.27628,73328365862.43286,77172317258.6478,77719464220.73003,86478835636.38132,95630524813.10605,104450210572.01225,1,415.69,449.905,305.678,249.477,228.258,189.614,123.851,222.996,234.973,-1.054,236.512,149.08,129.124,170.244,158.078,128.178,245.642,191.401,198.226,156.471,136
Malaysia,250270.05735548484,1,1,1,1,0,0,0,100845526315.78947,110202368421.05264,124749473684.21053,143534405818.50137,162692258307.0555,193549569477.73267,230811614370.38364,202257453036.6409,255017638455.5897,297951668674.83466,314443047642.11096,323276235524.41534,338066095097.2544,301355266964.9473,301256033870.33356,319109094160.3431,358788845712.5297,365177721021.5161,337456163961.2112,373784823672.9463,407605841348.2348,399705169318.47705,1,-1403468.0,-2015293.0,-2737973.0,-4114614.0,-3249237.0,-3416141.0,-4192686.0,-2072917.0,-2506895.0,-3512452.0,-875.955,27.078,-669.399,-1223373.0,-435.185,182.695,-352.173,-3775581.0,-5477066.0,-3539321.0,63
Thailand,803062.81453,1,1,1,1,0,0,1,134300904400.02177,152280615245.88742,172895685154.65817,189318408468.5952,221758296021.62064,262942621455.05292,291382982430.9515,281710630187.3191,341104766329.1696,370818739623.62195,397558325278.5791,420333654592.54706,407339040197.65125,401296238228.0839,413366349747.5081,456356813536.7637,506754208404.4847,543976691793.88586,500461898480.24554,506256494297.33966,495645210972.7507,514968699239.00476,1,692.051,915.858,711.787,1497459.0,1289541.0,2290990.0,3045606.0,2859190.0,2844099.0,2255013.0,1508826.0,1920198.0,2267519.0,2925886.0,2487122.0,1657026.0,1518291.0,707.474,181.59,505.317,66
Mali,1477787.3106596668,1,1,1,1,0,0,0,3908121307.019565,4714071979.688353,5454249125.729661,6247515888.145334,6905934217.909009,8156468826.126453,9838403100.505545,10231962390.211864,10689168016.261272,12995112690.2596,12442035339.104927,13242690786.093815,14364937124.072668,13104764378.325953,14026048335.704683,15365713048.199303,17070867589.905489,17280250810.032135,17465392764.370636,19309463508.037678,18780322203.7584,20661794596.08726,0,771.0,1.51,733.0,1.219,127.182,-87.664,-60.597,20.814,32.562,13.193,7.348,21.846,28.376,36.906,18.046,26.072,24.188,18.217,23.851,2.935,188
Mozambique,5604948.998691706,1,1,1,1,0,0,0,5950769426.602135,6583526860.580616,7937255565.357649,8868504899.946728,9509835536.93373,10811456005.94048,12920340964.65435,12263894790.012465,11411894723.864027,14619279988.71596,16688114144.074518,17198073057.198067,17978246586.066242,16208985769.614956,12069051237.171114,13264640645.77679,15017358952.845171,15512759046.671955,14235420174.18844,16168055475.444891,18883528581.3734,20954220983.547325,0,8.556,14.295,20.974,36.103,30.793,28.196,17.211,-22.348,77.825,72.372,55.855,20.014,-92.409,-172.035,-142.529,-63.513,2362633.0,-439.059,-669.509,-655.104,183
Sao Tome and Principe,0.106039875,0,0,0,1,0,0,0,85171073.87774976,102085769.12341939,114582283.91638164,136450662.39059213,142775104.0816256,149146918.88861105,188021165.00338,200668065.03175008,190021192.48953635,226455001.24308294,229371348.20260647,267041747.58435395,293119143.24682474,259999643.04738805,292267272.1969252,322002845.2293353,383717327.8305078,412976082.6207053,471229484.6071443,524402455.5481601,540809499.1893485,678976264.835436,0,-714.0,65.0,-205.0,75.0,76.0,4.954,42.0,7.0,-173.0,541.0,298.0,187.0,1.047,599.0,799.0,517.0,336.0,305.0,1.311,606.0,141
Montenegro,80312.06342923077,1,1,0,1,0,0,0,1284685050.524129,1707710053.1493838,2073234417.6806555,2257174480.7859716,2721903148.914816,3680711743.772242,4545674527.610957,4159330369.5470963,4142983843.491195,4544428421.495127,4087526241.812683,4465772400.37453,4593853290.963004,4054730077.577178,4376930578.323949,4856599480.79882,5506942238.356679,5542054181.126162,4769996866.007579,5861427505.124932,6229801580.791574,7530593375.220339,0,0.0,0.0,0.0,0.0,549.0,1.7,4.781,1.601,2.087,908.0,1.227,1.504,2.451,2.524,3.158,-839.0,-44.639,-317.19,-128.998,-84.471,50
Dominican Republic,2672581.816717211,1,1,1,1,0,0,0,27137440786.256207,21403167848.144363,22322387382.494026,35777560683.93658,37879830084.26267,43965458508.50559,48122601530.3324,48261078913.72663,53860187257.959335,58029773599.45505,60681535652.537346,62682159338.03544,67179955677.279144,71164826836.5281,75704647877.65591,79998046305.79002,85555390139.11797,88941372558.23965,78844656298.17764,94243425938.36469,113537368176.1303,121444279313.93079,0,51.893,21.648,-5.796,35.381,56.969,92.95,56.722,44.175,76.039,92.304,186.471,224.743,148.017,102.981,164.157,110.045,219.297,246.082,178.581,227.425,82
Nigeria,888631.4169724854,1,1,1,1,0,0,0,95054059302.69946,104738954264.2257,135764731645.61142,175670569969.3456,238454997161.47983,278260846800.103,339476276257.7929,295008835380.9966,366990417129.0396,414466676831.15967,463971018239.2805,520117180313.906,574183763411.5076,493026682800.6295,404649125252.15955,375745731053.4268,421739251509.0796,474517490844.461,432198898467.79486,440833635873.82666,477403400101.17365,363846332834.6184,0,465.542,183.788,1932196.0,2426561.0,586.962,233.616,1687802.0,-611.867,-747.392,-1775564.0,-440.354,-67.525,1621369.0,-129.133,32.878,-233.186,-10.404,-904.191,-424.698,-963.192,161
El Salvador,2129690.14994225,1,1,1,1,0,0,0,12664190300.0,13243892200.0,13724810900.0,14698000000.0,15999890000.0,17011750000.0,17986890000.0,17601620000.0,18447920000.0,20283780000.0,21386150000.0,21990960000.0,22593470000.0,23438240000.0,24191430000.0,24979190000.0,26020850000.0,26881140000.0,24921190000.0,29043140000.0,31988920000.0,34015620000.0,1,70.557,80.939,79.581,59.691,36.541,41.106,51.825,76.935,135.625,81.605,114.837,115.514,139.841,142.023,110.121,58.905,156.303,138.877,137.338,163.778,127
Grenada,0.07397594444444444,1,1,1,1,0,0,0,540336925.9259259,591018407.4074074,599118592.5925926,695555555.5555555,698700666.6666666,758683592.5925926,825976037.037037,771275555.5555555,771014814.8148147,778655555.5555555,799881481.4814814,842618518.5185184,911496296.2962962,997007407.4074073,1061640740.7407407,1125685185.1851852,1166514814.8148148,1213485185.1851852,1043411111.111111,1122800000.0,1224577777.7777777,1316733333.3333333,0,3.297,2.012,1.479,1.486,1.584,2.127,2.45,1.647,2.493,2.726,2.379,2.481,2.577,2.413,2.71,1.467,2.18,2.743,4.198,4.079,73
Peru,1909243.4417032083,1,1,1,1,0,1,0,54777553515.08088,58731030121.867096,66768703497.56869,76060606060.60606,88643193061.748,102170981144.13551,120550599815.4414,120822986521.47932,147527631520.7292,171761737046.58508,192650021648.5832,201175543571.3918,200786250582.94272,189802976285.61893,191898104390.37863,211007984080.91058,222597009739.23532,228346006003.64822,201409694755.93436,226354278280.88464,246488757636.21066,267603248655.2527,1,32.796,-317.022,-573.727,-183.89,-277.938,-94.494,-582.736,-166.79,-542.804,-42.408,71.676,-138.785,-1219157.0,-1679948.0,-1575054.0,-2275521.0,-2655951.0,-2069271.0,-2247641.0,-1995601.0,87
Philippines,12524710.817203278,1,1,1,1,0,1,1,84307345887.543,87039092974.22725,95001999685.33144,107419977318.16573,127652926368.06917,155980408673.40317,181624626327.36093,175974755881.37238,208368893151.14383,234216730295.9377,261920540972.1021,283902828581.6499,297483555344.8018,306445871246.7178,318627003012.5201,328480736798.7918,346841896583.5147,376823402244.9279,361751145451.59674,394087359848.11,404353369604.6311,437146372729.94244,1,903.688,1743953.0,1982089.0,1916787.0,1915658.0,2349879.0,3767430.0,4926779.0,5078005.0,6713809.0,5080800.0,4049667.0,6892872.0,8492060.0,4707056.0,4040776.0,5762224.0,7128466.0,4363535.0,5811846.0,113
Belize,0.13736375,1,1,0,1,0,0,0,1244650000.0,1308900000.0,1400850000.0,1474950000.0,1591150000.0,1707100000.0,1738900000.0,1688500000.0,1745700000.0,1827050000.0,1909400000.0,2032750000.0,2138250000.0,2193050000.0,2240200000.0,2266300000.0,2293250000.0,2388300000.0,2042850000.0,2420550000.0,2846700000.0,3066850000.0,0,-1.583,3.138,-122.0,4.796,4.101,5.173,4.399,8.623,5.75,3.972,5.45,7.152,5.924,8.91,3.249,2.887,1.395,5.248,13.197,16.533,118
Ethiopia,9660520.874556292,1,1,1,1,0,1,1,7850809498.168027,8623691300.040789,10131187261.442078,12401139453.973831,15280861834.602404,19707616772.799637,27066912635.222847,32437389116.038006,29933790334.34179,31952763089.330025,43310721414.08288,47648276605.012314,55612228233.51786,64589328550.5953,74296745207.87209,81770886825.60477,84269196625.8784,95912607722.3032,107657734392.44585,111261882958.4261,126772703047.70143,163697927593.98236,0,18.262,60.368,68.317,90.116,65.027,38.777,87.174,83.249,69.293,99.478,58.048,43.414,51.718,50.473,35.024,46.577,59.75,-64.448,-38.846,21.934,176
Vanuatu,0.11244561904761904,0,1,1,1,0,0,0,262596535.54902846,314471413.00177616,364996869.129618,394962433.0293678,439358586.5355876,516392922.5137279,590748429.4019016,592622319.1456639,670712979.6820383,770153588.218833,747839697.7465929,758304466.2453394,772315983.8184297,730870802.9670509,780889605.899977,880061833.6903408,914736985.4309444,936526267.6225132,909421043.508407,950394006.5325141,1022219297.5033523,1126313359.2192256,0,2.472,1.714,3.254,5.063,2.706,535.682,-1.624,-540.0,3.28,-16.667,-438.0,-11.924,-1.65,-7.545,-11.905,-6.519,-10.377,-9.119,-7.219,5.056,140
Nauru,0.06941626315789474,1,1,1,1,0,0,0,21017423.608204268,24778159.58066395,30587565.798833407,30070666.065253343,29200359.389038637,22766972.18896587,37602264.73068721,44176245.549243264,47562844.61042507,65444173.776272535,100794924.67041717,94385014.94258416,98752257.04532222,84383388.64485732,97276023.07843463,108862278.51651081,130937589.75351675,124871111.37797281,124530027.30105427,175513984.50008395,156803087.3024961,154170289.32186124,0,10.722,8.849,5.913,-40.959,-3.701,-23.01,-35.314,-43.078,-22.92,-3.621,65.0,-3.731,-4.642,31.46,-737.0,-1.886,-17.034,-24.174,-16.79,-8.672,122
Solomon Islands,278202.71123391227,1,1,1,1,0,0,0,346406738.8852372,417668983.4083494,468005318.5519772,552864570.2258192,617258154.2601326,695295347.6215369,776337691.795098,805557562.5800586,898133684.8987929,1063895360.6990681,1185215418.2556212,1285911586.1320012,1335571420.7267592,1307909887.5521197,1379490304.2253969,1469789119.0875561,1615478393.2861407,1619155017.392397,1536145814.1700656,1522794913.091401,1566360686.1063213,1633319401.1941354,0,-28.682,-26.891,-23.731,-20.744,-10.354,-14.054,-10.77,-9.234,-11.416,-5.009,-4.466,4.857,11.206,13.351,39.528,25.413,-5.526,-4.3,-3.213,4.257,156
South Sudan,811182.2703936818,1,1,1,1,0,0,0,14080606755.744595,14080606755.744595,14080606755.744595,14080606755.744595,14080606755.744595,14080606755.744595,14586253383.063168,12231264525.067104,14602072410.950584,14907308932.75343,11931472169.491526,18426469016.94915,13962212847.457626,11997800760.224182,14080606755.744595,14080606755.744595,14080606755.744595,14080606755.744595,14080606755.744595,14080606755.744595,14080606755.744595,14080606755.744595,0,0.0,0.0,0.0,0.0,0.0,0.0,0.0,107.0,264.0,349.0,771.0,147.0,302.0,295.0,412.0,973.0,2.835,2.289,2.691,6.118,192
Panama,72703.80613503637,1,1,1,1,0,0,0,12800851300.0,13603456000.0,15100203400.0,16623906700.0,18659721500.0,21717433800.0,25721328000.0,27791215500.0,30231009500.0,35687738300.0,41595439700.0,46949496500.0,51427104900.0,55767806100.0,59760858700.0,64327688800.0,67316471200.0,69778991200.0,57059846500.0,67396392500.0,76276116700.0,83318176900.0,1,1374730.0,1985603.0,2811080.0,5590922.0,3386074.0,3480049.0,3404393.0,3382455.0,2968171.0,2269583.0,1839498.0,1101565.0,1500646.0,1854578.0,1621270.0,1099306.0,1112257.0,576.983,758.13,1310116.0,57
Ecuador,3733226.0384776806,1,1,1,1,0,0,0,27054197000.0,30965208000.0,35194947000.0,40278849000.0,45690762000.0,49848725000.0,61139438000.0,60094978000.0,68151329000.0,78986648000.0,87735048000.0,96570334000.0,102717794000.0,97209558000.0,97671433000.0,104467486000.0,107478962000.0,107595829000.0,95865472000.0,107435101000.0,116586079000.0,118844826000.0,1,315.504,373.155,405.318,600.469,428.357,874.94,855.978,817.261,871.473,469.907,379.701,340.06,481.08,688.791,228.917,287.442,554.3,560.419,572.565,231.681,83
Mauritania,0.10026121052631579,1,1,1,1,0,0,0,1777057481.2604308,2051147606.736874,2362501023.2424912,2936019525.60241,3919577285.927029,4346212355.029747,5206437193.804133,4714595547.751017,5628878797.982574,6764627745.903299,6728208836.221428,7223071097.084169,6592537781.815179,6166863896.686766,6398747592.131846,6800135898.288272,7473550557.073785,7894764885.823116,8260752385.230893,9222536364.012722,9557966698.253689,10651709411.459427,0,2.929,1.385,10.091,7.349,-62.0,1.717,8.536,4.369,-6.775,-7.5,-32.845,-28.521,-18.051,-25.795,-28.827,-20.573,-19.311,-23.302,-29.082,-20.468,164
Turkmenistan,161475.45890638462,1,1,1,1,0,0,0,4462029108.723494,5977440582.801714,6838351088.466884,8103901996.370235,10276674364.896074,12664165103.189493,19271523178.807945,20214385964.91228,22583157894.736843,29233333333.333332,35164210526.31579,39197543859.649124,43524210526.31579,35799714285.71429,36169428571.42857,37926285714.28571,40765428571.42857,45232857142.85714,45818000000.0,50007428571.42857,58972000000.0,60628857142.85714,0,5.119,4.179,6.188,22.187,65.513,109.086,242.242,192.672,141.104,192.897,182.108,361.503,130.923,19.774,13.17,68.995,8.802,8.508,16.924,56.25,94
Djibouti,0.250103625,1,0,1,1,0,0,0,591122039.6013976,622044665.5150489,666072101.7775052,708633194.7265658,768873684.032838,847918929.1079838,999105339.2677286,1049110684.724934,1128611700.361803,1239144501.7752545,1353632941.520698,2042817162.8563871,2214679081.256576,2424391785.4389744,2604955228.701166,2762581334.2261186,2913466732.1250725,3088853638.568318,3185150981.032067,3385825228.8699703,3674298479.076755,4098530513.5577674,0,15.31,20.265,19.317,33.519,41.474,25.655,47.543,93.775,63.481,57.925,53.668,77.672,82.983,50.667,29.424,63.438,33.608,39.165,30.819,38.988,171
Malawi,562977.5778522308,1,1,1,1,0,0,0,5087328437.873696,4669789300.356621,5058726350.488958,5320409651.475436,5818279739.143541,6451210219.116831,7743617352.21427,9009887946.820395,10128323010.604923,11648142958.365147,8773203178.16512,8031571927.620549,8801326169.14547,9219474379.315342,7909868618.46366,8943543793.583902,9879231591.524342,11051865579.812103,11769313597.85449,12378129750.98716,12429060150.74196,12712150082.079203,0,4.445,2.843,-12.148,-7.024,-17.967,-12.46,1.835,-6.418,-31.023,-7.592,-1.349,-13.841,-15.747,8.121,-11.699,-3.26,3.238,4.715,-6.04,-9.319,172
Jamaica,55626.3665390625,1,1,1,1,0,0,0,9719009494.847792,9430234810.785856,10174664853.947565,11243865777.713053,11930179089.885475,12799600047.184536,13709401520.032595,12120458114.8318,13220549908.249386,14444661522.146338,14807086555.528315,14264205152.61263,13899217721.681784,14188936958.4343,14077096714.127937,14808985171.344065,15730792835.581057,15830766570.726608,13812421803.408361,14657586127.033125,17097760723.920145,19423355409.231567,0,15.854,18.651,21.822,22.276,13.861,29.953,5.046,22.15,21.096,12.923,9.386,18.513,22.31,33.086,30.891,16.92,27.038,40.508,46.119,409.0,115
Mongolia,8107026.131645818,1,1,1,1,0,1,0,1396555719.9740865,1595297355.7834878,1992066808.0959773,2523471601.104208,3414055661.6159754,4234999703.900587,5623216608.042884,4583850367.88972,7189481998.900941,10409797377.857065,12292770631.564991,12582122604.257748,12226514668.062176,11619892590.694118,11181350649.357347,11480847740.73598,13178094720.498564,14206359017.514322,13312981429.08905,15286441737.668615,17146471713.748024,20325121393.907364,0,72.726,103.866,149.029,207.081,145.408,152.792,289.251,379.859,372.619,323.223,199.9,198.364,214.222,280.84,258.51,250.608,360.037,388.104,413.649,546.58,96
Madagascar,758019.9802392353,1,1,1,1,0,0,0,5351701663.408074,6372498889.665848,5064732626.293891,5859269752.61332,6395712490.943041,8524620889.577468,10725137723.654873,9616879409.437893,9982711338.07029,11551819617.874023,11578975061.947945,12423555455.38532,12522957399.228104,11323020701.301685,11848613858.441998,13176313593.550934,13760033282.292511,14104664678.506332,13051441203.947355,14554754116.542673,15134700203.049707,15790113246.747774,0,13.142,14.386,25.51,75.393,58.958,45.66,23.571,23.339,44.642,-96.847,-61.401,-40.075,-16.391,-59.019,-86.546,-21.145,23.741,-81.164,-185.007,-82.279,177
Namibia,0.08303565384615386,1,1,1,1,0,0,0,3349169826.3889647,4926439383.514245,6609205994.7740555,7248374837.720556,8001779551.063232,8839536475.999632,8607431497.49471,8938847189.075916,11431412421.13161,12523359440.549862,13042053591.685684,12043307277.123508,12435430969.630136,11335161083.506102,10722018732.093588,12895153370.91319,13682019076.402178,12541928303.47997,10583748541.525812,12402486183.639603,12567271004.676123,12351025066.91312,0,-20.798,-79.179,-95.901,-16.584,-3.249,-5.145,-31.765,-63.404,-42.509,-106.176,-66.245,-42.142,-19.899,-18.465,-55.058,-21.141,-7.145,-6.97,-97.738,-118.289,142
Seychelles,0.03339957142857143,1,0,0,1,0,0,0,742134837.5091902,750847230.0992627,893012218.1818181,977899381.8181819,1081441283.3179822,1077308813.829454,979597394.2934532,850901620.433301,981616542.3284543,1058918707.2612364,1089407839.1970947,1333160407.3851607,1387577870.0816104,1432403352.1294434,1568513348.1446254,1675370641.0141618,1784313926.768066,1868690096.7345412,1382551751.5690813,1487173794.8052788,2057968519.830909,2141450171.1393213,0,5.202,5.698,8.151,7.558,7.24,10.113,17.476,26.125,20.563,20.691,11.786,12.262,12.991,13.153,10.156,8.737,8.158,9.812,8.487,8.698,67
Syrian Arab Republic,42465.653225,1,1,1,1,0,0,0,20669357462.383083,21828144686.03942,25086950495.049503,28858965517.24138,33751788856.304985,40465318382.05847,52557913568.9549,54111735628.70651,61390830874.700714,67539428159.44738,43190318032.56269,21361254635.051037,21502061465.949757,16466863117.000916,12597854877.425447,16369843352.345343,21497782867.642567,22583045060.08206,12047752036.091032,14353205678.499138,23622827079.50465,30088249611.09719,0,388.457,453.814,601.22,704.014,869.676,1104646.0,778.533,431.855,444.344,421.943,209.244,187.623,215.863,149.109,141.77,51.806,27.931,21.21,16.305,14.18,157
Gabon,0.143602425,1,1,1,1,0,0,0,5335451099.882229,6511903365.475535,7770219008.212934,9582783990.853455,10327598306.457499,12455409587.337097,15571348344.337933,12113699068.251694,14372593020.288502,18210307743.581623,17170464016.059284,17595744798.339832,18203966895.84335,14383107762.695183,14023890265.366455,14929487485.162275,16867326401.962582,16874405465.391039,15342236163.986422,19444935097.23948,20440655695.180443,19388402541.669777,0,-82.697,-10.796,-5.189,-58.728,-200.044,-17.464,-1.132,-281.825,-177.815,-625.427,-361.027,-283.131,-88.391,-547.829,-314.485,-154.586,-595.079,-708.668,-69.684,-2.33,123
Burundi,79610.22152376316,1,1,1,1,0,0,0,825394519.4237278,784654423.6204764,915257323.3960996,1117113079.736455,1273375078.4484448,1356199387.4230778,1611835857.0458813,1781455139.8593144,2032135192.0124843,2235820809.3200555,2333341334.457535,2451606632.292456,2705783329.804834,3104003546.264973,2644487776.500767,2723586962.8403373,2667182199.51333,2576518879.823531,2649680261.442985,2775798697.4602237,3338722827.656905,2642161668.8521075,0,1.024,693.0,568.0,150.0,733.0,270.0,482.0,678.0,418.0,2.136,1.115,827.0,2.692,2.466,353.0,1.328,2.216,1.905,2.731,982.0,187
Morocco,932266.4850380152,1,1,1,1,0,0,0,47077192187.64177,58029363354.27568,66114145451.00669,68852658068.66728,75883823300.85452,86947913286.72797,101822906949.06343,101154952240.8807,100865329473.43983,110080631332.37535,106937392311.12907,115739287305.0801,119130841411.66359,110413823841.59187,111572947004.91748,118540573367.84428,127341147581.81831,128920266409.4575,121353645057.14369,142022058447.23093,130951926351.24097,144417103249.64584,0,152.351,135.396,284.877,217.478,193.271,169.295,225.06,290.372,126.973,71.418,195.289,384.842,87.916,149.808,162.454,99.944,87.53,97.765,214.46,175.456,120
Belarus,30992.89647905556,1,1,1,1,0,0,0,14594900944.765818,17825444724.487755,23141566292.94622,30210091836.82945,36961894281.34442,45275711995.82495,60752106347.12601,50873167326.04142,57231904542.87547,61762382327.93193,65685890438.89215,75527558966.44727,78812805039.07434,56454889146.60878,47723545321.25899,54725302249.808784,60031173807.719635,64410122847.3508,61371755326.2351,69673747131.86996,73775179924.60303,71857382745.6066,0,13.678,24.559,21.901,36.976,15.422,9.078,49.23,5.851,41.743,-3.928,-55.0,-8.694,-15.962,-12.21,-8.263,13.689,-12.937,23.283,59.836,82.231,69
Chile,0.08552434782608696,1,1,1,1,1,0,0,70264045939.13216,76492579644.06053,99075985773.176,122294145162.83487,153843518171.4301,172491076033.86267,179894594475.97992,171777900623.17734,217051209240.29752,251382573885.5944,267024782480.28046,277395018837.36597,259560978231.5518,242450355827.82703,249344863933.46103,276154259987.10345,295857562991.70905,278285058719.4661,254042159309.31055,315515014838.5395,302116539409.02985,335533331669.2191,1,-1128175.0,-2246814.0,-1068726.0,-1095511.0,-874.238,-1274341.0,-2476506.0,-2207126.0,-2196136.0,-2728411.0,-2669642.0,-2090500.0,-2271932.0,-2672095.0,-2752452.0,-2660525.0,-3285750.0,-5291325.0,-6325638.0,-3472641.0,44
Kenya,2517886.4673586763,1,1,1,1,0,0,0,13147736898.517572,14904517649.847567,16095337093.836597,18737895512.737766,25825512284.289078,31958195182.240604,35895153327.849686,42347217912.91757,45405615063.75513,46869473150.60999,56396704671.57766,61671440407.83867,68285796514.28962,70120446896.8359,74815144163.89308,82036510877.25989,92202979985.2863,100378436207.37134,100657505750.545,109703658904.99373,114448978152.6374,108038588970.59505,0,66.679,199.743,128.949,150.625,159.08,223.45,197.343,235.157,228.821,316.414,227.858,57.873,164.853,188.562,107.534,183.223,211.608,380.868,216.547,133.15,146
Nicaragua,3943374.8014735156,1,1,1,1,0,0,0,5223727302.549062,5322228350.580679,5792932838.40051,6321324455.169406,6763688874.637322,7423419479.825498,8496948184.420421,8298687305.663541,8758572306.31602,9774320144.00049,10531980451.184729,10982954744.441486,11880433902.936106,12756685550.338875,13286101094.386347,13785924216.272446,13025234820.822504,12699028889.666014,12681569254.28154,14144060853.136162,15649897116.896496,17829218219.35911,1,128.416,143.709,174.34,253.997,161.677,148.018,144.404,143.988,164.336,160.578,136.061,116.289,95.213,80.817,50.063,8.266,28.689,609.0,35.084,31.123,130
Oman,0.041390222222222224,1,1,1,1,0,0,0,23065539661.898567,24733680104.031208,28378933680.10403,35506892067.620285,42577633289.98699,48300390117.03511,69804681404.42133,55454096228.86866,64993498049.414825,77497529258.77763,87408842652.79582,89936020806.24187,92699089726.91808,78710793237.97139,75128738621.58647,80856697009.10272,91505851755.52666,88060858257.47723,75909492847.85435,87323797139.14174,111943823146.94408,108810923276.9831,1,-3400802.0,-4784385.0,-3271419.0,-4806102.0,-3593897.0,-3431803.0,-4455804.0,-4382093.0,-3776032.0,-3440307.0,-1948819.0,-1751670.0,-1691818.0,-2100586.0,-2035681.0,-1566086.0,-2611235.0,-4955499.0,-4862090.0,-5027949.0,59
Burkina Faso,80427.63065455813,1,1,1,1,0,0,0,3622350062.9605265,4740768142.674943,5451688537.6095915,6146353173.349286,6547419820.381131,7625722836.768471,9451435490.114674,9450696873.343262,10109619740.699419,12080295977.563232,12561015156.568285,13444300485.841228,13943016076.743608,11832159315.62978,12833363045.336655,14106955615.344177,15890066221.288244,16032813503.37069,17725010532.52676,19697516284.378677,18820218690.594765,20324617844.526535,0,-1.925,2.836,7.277,17.595,18.13,17.933,16.219,26.781,26.617,18.014,15.067,20.678,29.082,29.026,26.648,30.852,43.144,34.731,36.068,22.763,185
Ukraine,74752.73799246938,1,1,1,1,0,1,0,43956163612.043274,52010355753.04612,67220154164.316605,89238865118.52626,111884752475.24753,148733861386.1386,188110390659.51477,121552153444.12442,141209170427.2334,169333835201.5541,182591753827.94882,190498811460.02753,133503871861.7233,91030967789.07175,93355869403.92232,112090505081.73862,130891088293.54999,153883047509.57697,156617722013.3422,199765859570.9353,161989520721.1905,178757021965.0084,0,406.382,666.056,1251531.0,948.865,-366.515,-65.505,289.698,391.627,188.965,-419.725,-467.258,-250.18,-280.828,-45.201,-106.619,-232.396,272.95,-487.92,-274.958,-118.118,100
Senegal,4114312.392865153,1,1,1,1,0,1,0,7006402319.758565,8768721563.182106,10076816666.619638,11009033437.93904,11697918243.00349,13994218412.961872,16853989627.548038,16145867494.940493,16121315909.07576,17814283639.311874,17660870411.523518,18918667724.881683,19797253440.267914,17774766696.175896,19040312333.186382,20996562943.59792,23116701556.138107,23403995992.135414,24530513037.751846,27520784129.750805,27619479059.613056,30848333083.705544,0,13.289,17.957,24.164,33.923,35.377,31.429,41.716,17.652,13.486,73.887,83.526,175.853,17.299,60.107,36.383,36.754,50.112,38.263,67.279,123.22,169
Jordan,4750510.353958746,1,1,1,1,0,0,0,9582510578.279266,10195627644.569817,11411706629.055008,12588998589.562765,15056981664.315939,17110437235.543018,22658715989.330204,24537876056.338028,27133804225.352116,29524149154.92958,31634561690.140846,34454440140.84507,36847643521.12676,38587017887.323944,39892551126.76057,41608435915.49296,43370860704.22536,44503006338.02817,43700383098.59155,46296100140.84507,48764963380.28169,50967475352.11268,0,427.817,315.897,338.257,679.569,987.901,1229834.0,1150153.0,1326389.0,1249824.0,1305469.0,771.085,571.09,576.012,465.593,436.828,386.336,562.652,675.596,696.144,469.077,99
Chad,934599.0995408695,1,0,1,1,0,0,0,1997005708.8157554,2742815071.5743995,4422855660.82592,6649307523.643773,7428701453.9150915,8650137743.325472,10393833765.365057,9290728318.988207,10668103554.119226,12172308851.039494,12367362757.134161,12953534866.428648,13940767218.584887,10950392256.954294,10097778098.170738,10000394381.017702,11239167898.339537,11314951091.728327,10715396042.334282,11779981332.863146,12396807588.408154,13149325362.33467,0,-52.868,-56.975,-437.0,2.023,5.318,2.859,354.0,698.0,1.47,1.455,3.266,-18.233,1.472,1.152,1.632,895.0,870.0,671.0,-89.37,2.972,189
Costa Rica,107796.90006187097,1,1,1,1,1,0,0,16578820687.28809,17271760506.948277,18610594846.208298,20040642476.98167,22715540324.303177,26884700709.314575,30801745700.451355,30745714312.641666,37658616951.80379,42762613698.96356,47231655431.73545,50949668841.66961,52016408854.26584,56441920820.519424,58847019609.6549,60516044656.5206,62420164991.537445,64417670521.35451,62395610760.04924,64960725734.19655,69243626028.59358,86497941439.01744,1,128.908,178.71,132.276,124.558,-17.195,56.866,135.345,44.252,-35.128,-48.254,95.521,84.035,29.175,-71.995,-105.896,-44.865,-229.664,40.768,124.171,61.305,64
Marshall Islands,0.1313892142857143,1,1,1,1,0,0,0,131960000.00000001,131128500.0,132900000.0,138000000.0,143200000.0,150500000.0,146600000.0,151200000.0,161100000.0,172300000.0,180700000.0,186400000.0,186000000.0,183700000.0,201800000.0,213700000.0,220000000.0,232900000.0,241800000.0,258899999.99999997,253400000.0,259300000.0,0,1140971.0,965.535,2278775.0,4759247.0,9632354.0,4686047.0,6994649.0,3814539.0,7249700.0,7990803.0,7466682.0,7595239.0,6840099.0,1892638.0,3293702.0,4840488.0,3165340.0,3217627.0,5919391.0,2535555.0,102
Croatia,0.025531,0,0,0,1,0,0,0,26757722428.678143,35245317001.822365,41836292157.33347,45013119281.80604,49590197656.5482,59298265769.99456,68478776205.98263,62321642125.17209,58981738868.75296,62903737379.78343,57551963753.210396,59852401272.32039,59612144078.413345,51005200669.69412,52654855638.1057,56186190437.99587,61668130122.58781,61467582193.682434,57963370885.07977,69006802298.6956,71198635101.95143,84393795502.44211,1,78.171,62.747,156.521,98.097,48.762,98.41,59.108,29.082,29.709,78.431,289.925,434.969,311.566,222.267,214.608,73.91,108.143,16.987,23.241,53.638,39
Iraq,3309552.701499277,1,1,1,1,0,0,0,32928454672.42459,21921569478.81626,36633669269.3981,50065104667.8159,65147051918.02187,88837057319.51791,131614434153.50531,111657580326.31511,138516722649.57266,185749664444.44446,218002476129.47165,234637675128.64493,228415656174.95712,166774104959.10168,166743557747.67148,187217660050.6757,227367469034.03085,233636097800.33844,180898797516.8744,209691945713.10345,286640340965.5172,250842782139.46417,0,-607.124,-796.78,-2869915.0,-3859252.0,-3027694.0,-3226948.0,-7602500.0,-8360749.0,-7292280.0,-4888207.0,-4836631.0,-3594769.0,-4910308.0,-7662397.0,-6050667.0,-3333234.0,-4337127.0,-8333092.0,-6703294.0,-7780182.0,128
Tuvalu,38274.06190466667,1,1,1,1,0,0,0,16842672.59528742,19456338.031822786,22798274.979555093,22909979.81630778,24096875.463582467,28450168.692764957,31874434.857881963,28076983.9703819,32105408.47711205,39196957.4908996,39345579.47237578,38615890.63207455,38760982.65400955,36811936.082458735,41629064.22323883,45276595.353314556,48015259.87513561,54123198.5662913,51746594.31485426,60196405.71383929,59065982.08736571,62280311.585217156,0,90.0,58.0,33.0,80.0,79.0,128.0,238.0,-2.686,-541.0,177.0,-180.0,280.0,4.781,186.0,277.0,9.204,10.472,2.462,-509.0,3.652,132
Cambodia,13635934.439028611,1,1,1,1,0,1,0,4501227626.6275215,5046693484.317668,5883297159.873515,7066296463.359804,8350531016.657529,10127916459.89827,12174303999.08125,12502901169.737713,13808673288.069561,16032622023.826536,17826536699.801636,19807135252.864857,22041463967.90093,24174170369.07381,26556545153.3573,29355665909.790527,33145892168.89583,36685356407.72062,34818073901.485085,36790163687.442055,39994532959.60738,42335646895.798386,1,138.318,199.632,272.553,280.005,255.121,289.553,363.437,466.936,478.39,460.552,436.316,333.502,342.576,346.68,360.736,249.421,282.125,232.796,97.872,150.876,148
Lebanon,263303.87676339474,1,1,1,1,0,0,0,19152238805.97015,20082918739.63516,21159827992.039803,21497336498.839138,22022709851.40962,24827355014.925373,29118916105.472637,35399582928.68988,38443907042.12272,39927125961.5257,44016799515.75456,46880103080.597015,48095213746.600334,49929337836.81592,51147308774.12936,53027680685.90382,54901519155.55556,51605959131.27413,31712128253.796097,23131941556.784348,20992421948.808086,35574872982.2214,0,80.299,72.253,109.311,198.809,178.127,265.376,241.934,319.995,312.65,276.208,229.437,181.037,146.677,138.784,-286.463,58.88,61.556,67.108,56.473,54.19,109
Ghana,4293249.80955829,1,1,1,1,0,1,0,6166197847.850311,7632723555.66221,8881417906.714323,10744568381.44561,20885037596.696342,24827339138.49064,28679383241.07291,26048720005.52326,32197655566.534706,39336668080.55898,41271701060.95403,62824629066.04083,54783319817.370514,49406010054.266335,56164929304.8754,60405924078.72783,67298914624.372314,68337969247.70674,70043099675.68001,79524421861.27426,74263364041.87419,76370396722.15402,0,81.902,78.819,127.969,179.055,137.502,191.313,297.671,252.329,313.775,182.253,212.812,185.453,205.633,188.789,147.694,188.687,260.766,171.956,151.725,133.688,145
Pakistan,2887887.629826,1,1,1,1,0,1,0,97923302809.35368,112371913740.82295,132216048339.41289,145208562960.76663,161871385506.3602,184140869997.46017,202203748583.8536,187337783856.46567,196709621849.58618,230586581059.6654,250106966104.70358,258657231672.41232,271390474857.63217,299963590534.7735,313630000130.43536,339205534861.1001,356128166704.921,320909472770.6687,300425609817.9812,348516647445.14844,374890295666.69366,337912301397.7272,0,346.285,332.228,187.28,208.555,347.681,381.21,81.112,71.177,296.916,368.112,505.792,545.319,689.542,638.053,413.741,847.749,1217511.0,712.348,661.093,686.24,164
Sierra Leone,1518460.3650751766,1,1,1,1,0,0,0,1933864034.1880028,2142618349.8109877,2237350963.2735205,2545275312.6051188,2912986118.074526,3326853435.5983176,3835603778.6159053,3784165906.1037025,4033122830.1442375,4587078913.133151,5927684219.152779,7697098118.199219,7845456215.2780695,6651626733.648542,6042615859.6107435,5818480351.637065,6390514688.528162,6523577590.383188,6688594757.621292,7165214367.649559,7119137321.900816,6411869546.2892885,0,1.761,2.327,4.678,5.289,5.08,5.11,28.364,8.964,6.761,937.0,-4.089,-10.57,-8.322,-10.079,-8.028,-9.397,-4.666,-5.105,64.089,5.668,184
Samoa,26360.796488522727,1,1,1,1,0,0,0,281790134.2119716,333426188.41876,407747565.09695876,476801793.15942883,499923757.78073615,573548459.8333715,641346191.6647757,628006115.4240516,680260907.1539834,744097050.1691153,773141661.1655476,797736334.2813052,796683519.593842,824150498.6535364,843924796.6974211,884844384.4632136,878448433.4043417,912950466.0649056,868898358.2664367,843923638.7330176,832945205.6371847,938189443.8303928,0,6.167,6.918,5.386,4.311,1.975,2.049,4.47,5.849,6.622,32.883,31.438,28.966,31.499,33.851,33.545,45.214,30.305,35.728,40.575,54.835,116
Uruguay,0.0586831875,1,0,1,1,0,0,0,13606515722.586388,12045638351.85074,13686329890.119078,17362857683.85447,19741420739.890133,23797773024.39923,31119602538.832172,32708319077.517914,41950361211.95806,50342406067.07767,54232266358.781075,61337621933.78566,61496186973.90199,57680327998.668884,57480788390.25813,65006039994.55998,65344576348.2279,62222325807.05779,53668636567.86667,60760798595.54362,70164683290.37762,77240830877.45967,0,31.05,24.203,30.964,56.087,19.688,126.819,142.107,85.75,265.724,182.73,109.168,19.061,431.0,-10.478,-13.045,-41.047,-3.139,-148.67,-12.467,-21.476,52
Lesotho,0.10995049999999999,1,1,1,1,0,0,0,775777238.5581402,1157825434.789707,1511236655.5204656,1682343527.492213,1800092563.754615,1682131784.5136483,1766902709.1993523,1740894964.8051126,2234754241.919178,2579409619.967217,2477702216.268875,2367112931.642001,2441063054.057919,2359686724.538286,2114426452.201897,2306741672.290062,2556247291.9978547,2390702295.827774,2053699870.0719147,2412130056.55851,2354683088.719949,2117962450.7946885,0,3.667,10.66,45.471,42.587,53.847,96.432,27.035,79.0,321.0,53.0,217.0,-24.0,379.0,73.0,-64.0,-27.0,1.614,217.0,1.651,-182.0,168
Kiribati,86978.21012642553,1,1,1,1,0,0,0,74743892.16060194,96105634.74743597,104085862.4353007,113895467.72086634,112338362.5343467,138054961.87761912,147017897.6801778,140177363.67176366,165458478.20612955,195970104.3566665,207001557.76713526,201730847.75864974,200287275.5596527,191559398.1752924,206467834.04514524,222875724.6539787,233514703.7102925,216985362.33817074,223123620.59751564,289339292.1573011,270841698.3693454,279208903.3376435,0,7.0,131.0,242.0,-88.0,-5.075,189.0,25.673,2.861,15.001,27.929,1.023,7.142,7.522,9.165,1.847,5.604,6.853,8.457,4.169,5.865,137
Equatorial Guinea,0.09585244,1,1,1,1,0,0,0,1806742742.2731116,2484745935.093289,4410764338.667325,8217369092.652238,10086528698.86043,13071718758.737305,19749893536.320362,15027795173.218706,16314443436.290295,21357343668.944725,22388344143.913067,21948834283.785564,21765453081.9826,13185496881.017399,11240808847.887815,12200913878.982721,13097012133.615946,11364133549.747766,9893816007.7398,12215878032.716585,13687643435.624903,12337550583.753971,0,450.0,88.838,933.0,-821.899,-684.856,-744.311,-525.056,-297.248,-97.9,-164.566,-1051382.0,-604.566,-505.238,-265.36,-155.761,-141.742,-350.792,-453.408,-243.324,-181.904,133
Tunisia,715986.3146220142,1,1,1,1,0,0,0,23141616604.524197,27453902261.462925,31183885241.439552,32272186694.80428,34376664600.589775,38915353866.75699,44859439902.21906,43455740497.30611,46206091937.96283,48123325825.07389,47311401812.67335,48685446413.95297,50271812920.612015,45779494041.92953,44360072680.44765,42163530590.9462,42686504459.800964,41905642418.825035,42491780918.36103,46812290143.34397,44579761022.899284,48529595416.65326,0,70.219,65.402,76.291,78.462,107.921,309.904,142.952,354.47,-77.156,85.993,133.467,98.986,81.593,93.61,124.95,69.151,110.666,-207.061,-322.295,17.936,101
Angola,3885600.785604038,1,1,1,1,0,0,0,15285592370.373981,17812704586.43969,23552057679.499435,36970900883.810905,52381025141.42681,65266415494.25839,88538665084.86345,70307196181.65387,83799474069.73146,111789747670.5905,128052915766.34274,132339109040.23174,135966802586.7132,90496420506.59566,52761617225.925285,73690154990.73123,79450688259.36636,70897962732.02774,48501561203.568634,66505129987.72355,104399746853.40141,84824654481.72493,0,1516713.0,818.417,-168.918,1265544.0,207.169,43.685,215.458,275.331,1102888.0,1650113.0,1716205.0,375.541,140.976,-4.077,220.097,-70.947,54.108,117.846,474.75,709.492,150
Colombia,4688858.414438609,1,1,1,1,1,1,1,97945812802.88817,94644969157.0987,117092416666.24509,145600529605.80283,161792958904.86447,206229540926.31174,242504150472.93127,232468663109.59467,286498534094.96326,334966134804.887,370691143018.0392,382093697077.68494,381240864422.4066,293492370193.1661,282720100286.22815,311866875156.8792,334198218098.27594,323031701192.83997,270348342541.4654,318524633225.39514,345329875078.5117,363493841244.3033,1,486.806,707.367,1004348.0,947.33,672.111,956.414,1233970.0,1052931.0,1135616.0,900.676,807.349,420.608,165.625,177.697,424.885,-85.641,194.653,125.005,-294.23,-531.335,91
Guinea-Bissau,0.11034172222222222,0,0,1,1,0,0,0,466773711.2355795,553614800.1457071,582169841.2983041,639776040.6884242,634781901.2514939,753162998.0151126,952667544.0372885,890167833.3698492,940112538.9364358,1157074319.193877,1049412177.1141346,1109682824.1359422,1135250721.037397,1152384166.796375,1245074264.1039608,1469978606.1214306,1554133593.9169855,1588638853.5932844,1646400349.8486729,1853796455.8948882,1796608530.8226736,2048348108.3585193,0,-1.416,-1.03,-984.0,253.0,873.0,560.0,759.0,62.0,155.0,-105.0,37.0,-1.256,-1.338,-1.881,-2.051,-2.041,-1.981,726.0,-1.52,-205.0,179
Bangladesh,15076827.702897124,1,1,1,1,0,1,0,54724081490.510185,60158929188.255615,65108544250.04247,69476001239.419,71795736172.15605,79611644974.55707,91636997370.97716,102475158190.99796,115275540051.26195,128607482310.35696,133310747603.48254,149998957434.18637,172886611653.7858,195146608978.1311,265224515675.03375,293732446624.5958,321362752441.78033,351231654603.69226,373979442362.1933,416271647911.01416,460131688909.3012,437415331040.9943,0,565.642,579.422,469.703,925.982,941.904,1415016.0,1383415.0,1163842.0,1095143.0,890.919,872.338,865.31,992.235,891.845,877.154,640.672,1084288.0,1679686.0,977.116,615.272,129
Uzbekistan,6224925.3190882085,1,1,1,1,0,1,0,9687788512.801842,10134453435.46029,12030023547.88069,14307509838.805326,17330833852.918976,22311393927.88172,29549438883.83379,33689223673.257736,49765676402.449455,60178909297.20801,67517349212.06092,73180037914.91043,80845385809.45294,86196264755.31053,86138288644.17099,69703222282.72784,58695899092.10833,67293639798.39958,66443265418.30865,77340060003.0347,90095926567.4359,101591769702.34315,0,464.267,609.215,644.412,859.658,1102373.0,1416665.0,1678936.0,1724154.0,1915151.0,2005358.0,1268109.0,909.691,1162278.0,2095917.0,2318764.0,1686148.0,1857070.0,2155607.0,2279573.0,1704356.0,106
Honduras,2101841.1257640626,1,1,1,1,0,0,0,7858255412.860379,8230391346.672281,8869299234.337696,9757012696.562117,10917477066.142908,12361257680.562687,13881731875.746613,14587496229.18111,15839344591.984165,17710275685.407448,18528554397.56951,18499729214.904022,19756533971.869846,20979791685.416042,21717604952.183525,23136247990.597725,24067750760.49897,24882225741.811867,23352232483.75501,28144331506.614887,31426041806.798485,34400509852.04365,1,97.333,115.72,72.451,94.207,49.505,35.771,-4.577,72.344,69.881,63.849,62.009,69.563,83.998,65.512,62.596,36.904,53.827,22.994,91.67,107.172,138
Uganda,2941594.35681947,1,1,1,1,0,1,0,6178563591.120514,6606884275.23087,7939487547.773837,9239221763.057926,9977647682.969542,11902564494.883343,14440404132.204687,25127805566.658375,26673441430.785694,27871725241.4723,27305915910.78771,28915786516.61233,32612397257.44579,32387183730.10015,29203988696.262615,30744473841.42399,32927025619.679546,35348155095.421455,37600368241.66573,40529788748.67369,45565333210.91079,48768955863.31749,0,3.704,6.944,7.623,3.92,11.411,12.894,15.157,2.526,8.452,-5.435,6.712,9.575,7.013,12.636,12.756,20.115,27.968,13.716,9.804,21.664,159
Azerbaijan,1928901.5398288383,1,1,1,1,0,0,0,6236087738.282841,7276413079.114511,8680405740.941248,13245421880.834042,20981929497.618767,33049419431.224392,48851293785.44826,44292427184.94917,52909294791.92624,65952796427.94731,69679944504.19719,74160560123.69016,75239785452.10219,53076235354.74602,37866996882.915695,40866627351.98167,47112470051.77007,48174235294.117645,42693000000.0,54825411764.70589,78807470588.2353,72356176470.58824,0,32.137,47.344,-185.341,242.325,140.522,184.01,216.679,281.98,305.068,269.088,119.461,117.981,52.425,66.58,76.867,68.946,106.563,183.865,240.866,201.195,89
Barbados,0.034682,0,0,1,1,0,0,0,3106500000.0,3209500000.0,3444500000.0,3819500000.0,4217323400.0,4675767950.0,4790410400.0,4466809600.0,5191188500.0,5342183800.0,5271257500.0,5361158350.0,5365976700.0,5288057750.0,5330761500.0,5517340450.0,5629916200.0,5788288000.0,5168344450.0,5275242050.0,6257303500.0,6720733200.0,0,9.964,11.989,10.57,7.868,7.459,10.237,9.183,11.516,10.499,13.919,8.164,11.107,8.008,8.623,9.0,3.842,5.953,6.281,5.332,10.051,62
Comoros,98544.54952066667,1,0,1,1,0,0,0,425964681.04437846,546885222.7130651,633706110.7956145,653845169.1685765,698431793.8727758,795673152.8670766,915659107.9658227,905341172.7058296,907978730.8878443,1023086273.5333631,1015843490.8237381,1116224106.8372765,1149587661.0069265,966029600.8622274,1012835493.193246,1077439756.594511,1188797449.3858447,1195019531.9010963,1225039196.6109135,1296089479.9197786,1242519407.7760253,1352380971.2405515,0,33.0,27.0,35.0,127.0,116.0,309.0,548.0,26.0,433.0,20.0,-481.0,-2.079,-825.0,59.0,220.0,329.0,618.0,287.0,67.0,1.649,152
South Africa,0.1450167,1,1,1,1,0,0,1,129087556612.44882,197018965308.69696,255806908594.57254,288867217196.534,303858675363.64276,333077117253.6838,316131258616.309,329754060647.12897,417363822801.71265,458199494830.83356,434400545085.8111,400886013595.5732,381198869776.10565,346709790458.56305,323585509674.4806,381448814653.4564,405260723892.51685,389330032224.2691,337974655408.0553,420886877628.7027,406920004594.0741,380699271814.50824,0,225.234,409.176,-13.725,-762.06,-89.716,-603.742,-850.679,59.399,967.73,-148.759,-155.216,-380.694,-1336005.0,-1336160.0,-1352730.0,-1026273.0,-1636017.0,-2624803.0,-2605586.0,-1922465.0,110
Palau,0.08733634285714285,1,1,1,1,0,0,0,162665500.0,154559900.0,166391600.0,191048400.0,193679700.0,200903600.0,201167300.0,189998000.0,188174300.0,198873900.0,215762400.0,225345718.75,243156484.375,278824781.25,298323500.0,285600000.0,288546281.25,281941562.5,258990843.75,235752906.25,255591062.5,281849062.5,0,2.707,2.111,1.42,1.953,1.449,1.554,2.052,2.564,2.891,13.867,9.132,10.79,7.925,15.393,15.703,4.774,12.817,19.673,13.312,16.539,71
Rwanda,3191008.217965761,1,1,1,1,0,1,0,1966003468.4911726,2138237278.7382245,2376496067.0119786,2933819766.176559,3319784538.7334623,4070507894.6165586,5179854064.570328,5674476969.064441,6124756654.123457,6884913658.106317,7654761573.549911,7819963715.7535305,8238966063.866919,8543759677.581573,8695272300.910192,9252834336.494923,9637904655.174456,10349300380.330027,10174387374.347754,11069280649.645851,13316160895.044718,14097768472.18828,0,1.827,1.288,1.265,8.904,28.594,15.209,10.122,2.859,12.595,18.003,16.422,18.6,69.89,8.259,9.901,14.128,29.183,13.66,12.604,82.94,161
Botswana,47913.922065136365,1,0,1,1,0,0,0,5438863982.886922,7511582173.377239,8957467706.535404,9918907108.097015,9919158482.410852,10567270655.502705,10730829116.410507,10118459242.318321,12637273429.133932,15110643612.17291,13907464500.148876,14271738933.204172,15470088500.74136,13530748844.504961,15082637184.04962,16105155856.770824,17031943186.13526,16725908148.548136,14960291105.931597,18750946600.142254,20321958850.03632,19396084498.008404,0,4.093,3.328,1.775,5.648,3.248,8.533,8.181,5.679,5.339,-11.736,-14.347,33.163,9.334,10.38,3.848,10.045,9.959,3.476,3.222,1.96,114
Suriname,0.11390858823529412,1,1,1,1,0,0,0,1093574468.0851064,1274190311.4186852,1484092538.405267,1793410397.387383,2626380435.178773,2936612021.8579235,3532969034.608379,3875409836.0655737,4368370997.921263,4422276621.787026,4980000000.0,5145757575.757576,5240606060.606061,5126237646.220717,3317421648.0991807,3591679430.999881,3996198866.574535,4016040575.0879593,2911807496.2022653,3107923197.9695435,3791603200.025902,3455146280.839754,0,5.247,6.453,8.348,13.701,8.774,12.451,18.456,26.204,17.472,8.59,5.982,2.54,4.379,4.978,12.004,-4.057,2.898,2.373,-2.081,-2.52,124
Papua New Guinea,171051.14286314516,1,1,1,1,0,0,0,2999511040.197643,3536411824.2958045,3927157866.9646463,4865892972.275951,8354911040.701925,9545028944.345787,11670892800.530945,11619456449.265974,14250786674.776615,17985138065.854904,21295168665.724728,21261338064.878304,23210823987.30796,21723437010.098206,20758876952.623165,22742699138.356014,24109780708.02678,24750626040.59166,23848447849.746708,26109413522.308064,31647277767.397648,30729242919.441082,0,-55.071,-78.526,-118.88,-197.378,-179.135,-118.287,-228.412,-90.304,-168.927,85.491,-115.766,-53.772,-153.886,-267.92,-335.119,-482.177,-614.091,-1542233.0,-850.177,-913.556,154
Eritrea,0.030365222222222224,1,1,0,1,0,0,0,729321680.1543237,870248267.550163,1109054005.43971,1098424685.6616938,1211161879.6747968,1317974491.0569105,1380188800.0,1856695551.2195122,1589515447.1544716,2065001626.0162601,1322758643.3927844,1322758643.3927844,1322758643.3927844,1322758643.3927844,1322758643.3927844,1322758643.3927844,1322758643.3927844,1322758643.3927844,1322758643.3927844,1322758643.3927844,1322758643.3927844,1322758643.3927844,0,833.0,1.499,4.782,2.612,11.798,14.525,5.39,5.41,-8.629,-1.695,-5.536,-5.622,-82.806,-55.043,-115.601,-50.277,-100.949,-83.466,-40.846,-95.776,175
Cuba,84716.61129126923,1,1,1,1,0,0,0,33590500000.0,35901200000.0,38203000000.0,42643836100.0,48835925925.92593,54262870370.37037,56302129629.62962,57481481481.481476,59562962962.96296,68990000000.0,73141000000.0,77148000000.0,80656100000.0,87132800000.0,91370407863.70001,96850649691.7406,100050036096.123,103427600000.0,107351800000.0,69100121059.04916,69100121059.04916,69100121059.04916,0,0.0,200.015,211.314,340.369,39.921,53.983,44.211,72.031,48.017,43.594,45.864,36.413,67.816,52.508,37.63,11.411,17.225,6.724,28.856,12.271,85
Trinidad and Tobago,0.046780249999999995,1,0,0,1,0,0,0,9008298228.602732,11305459802.068275,13280291989.575474,15982389018.404148,18369361094.388645,21641620049.93521,27871587349.541267,19172165225.50151,22157920592.366913,25433007437.160465,27334568806.192234,28709859468.859684,29697674913.540836,27026750552.964653,23722678429.807793,24040211327.489758,24569257295.091785,23775659262.57346,20807716174.054626,24496397204.717594,30053446092.012753,27372285697.947723,0,35.701,20.95,-116.974,-375.11,-364.734,-219.586,-821.238,-503.454,-310.872,-63.921,-10.91,-34.516,-80.287,-211.465,-157.627,-67.791,-287.578,-262.938,-135.367,-91.885,60
Guyana,0.20116466666666666,1,0,1,1,0,0,0,726131434.7153385,743063950.317749,787814379.1838433,824880550.3439649,2379817990.6917953,2730971595.395737,3025187433.3363686,3165663152.7335134,3432912516.9242687,3691384317.521781,4063088535.7633057,4167800928.83553,4127660151.808702,4279840193.7046003,4482697336.561744,4748174334.140436,4787636997.853427,5173760191.846522,5471256594.72422,8041363893.045564,14718387016.786572,17159509565.467627,0,1.022,4.468,5.253,6.6,39.822,78.618,59.235,25.04,26.036,21.55,14.462,21.89,14.711,22.521,12.243,18.432,24.87,26.684,33.845,35.89,95
Paraguay,3399458.633818071,1,1,1,1,0,1,0,7196260656.845559,7691367471.179918,9624440836.293095,10737500188.112309,13429430050.260954,17856393235.433792,24615267663.54557,22355151161.99399,27260886405.226337,33756238766.500004,33271921136.314976,38501122141.424126,40377929295.64187,36211447840.09714,36089700222.946144,38997129473.55579,40225448340.632164,37925338329.149445,35432178068.18139,39950899938.74815,41952910858.08456,42956263543.948166,0,47.095,62.611,62.799,91.11,49.94,126.77,147.183,54.557,128.771,151.642,205.065,20.067,47.094,105.564,31.874,3.633,64.257,42.172,-25.95,40.178,102
Timor-Leste,1441884.0427360146,1,1,1,1,0,0,0,469455500.0,490439100.0,440772000.0,462268000.0,453792400.0,542795400.0,648523600.0,726937800.0,881909300.0,1042534600.0,1160555000.0,1395727400.0,1447535200.0,1590282400.0,1640464600.0,1584878400.0,1555988600.0,2032550400.0,2162619200.0,3624889700.0,3208594000.0,2079916900.0000002,0,-25.786,1.216,617.0,2.428,-32.599,1.269,-31.486,-104.523,-171.86,-83.114,8.445,6.661,4.52,2.576,2.674,-25.301,1.61,-65.1,2.283,2.635,155
Niger,48706.21572376,1,0,1,1,0,0,0,2782192878.6720395,3394084732.495433,3760443737.5379744,4383315964.587175,4756361252.379227,5731485051.790689,7297600226.005361,7352131309.733413,7851192502.309172,8772950777.791763,9426912647.591106,10224897437.864824,10862943543.541925,9683867926.442823,10398861981.758308,11185104251.69431,12837307496.882084,12889555561.22991,13744653103.057987,14915002436.069025,15433852712.296335,16819170420.565317,0,1.596,5.016,-2.007,6.44,6.928,1.996,-8.688,9.114,-100.684,3.075,2.04,-91.38,-61.195,5.194,-1.519,2.06,-42.344,8.297,-71.046,4.667,189
Kazakhstan,515435.2412710968,1,1,1,1,0,0,0,24636598527.443718,30833692900.109074,43151647002.60963,57123671733.89525,81003864630.01804,104849915058.37578,133441648851.9825,115308686941.38017,148047348240.64334,192626464617.07117,207998568865.78925,236634603409.08856,221415613595.46927,184388404706.04178,137278320084.17114,166805788827.23325,179339977690.48486,181667184854.50052,171082365861.4229,197112255360.61234,225496328925.4941,262641892078.5242,0,30.953,47.933,289.211,-2.721,141.584,270.456,381.083,577.188,825.741,345.377,149.578,78.939,-467.558,-564.249,1095647.0,907.57,-1672931.0,-3214373.0,-1599719.0,1085700.0,67
Antigua and Barbuda,0.0820005,1,1,0,1,0,0,0,897988888.8888888,947955555.5555555,1026181481.4814814,1143714814.8148148,1303548148.148148,1487300000.0,1557540740.7407405,1386444444.4444444,1298255555.5555556,1281337037.037037,1327107407.4074073,1325425925.9259257,1378829629.6296296,1437755555.5555553,1489692592.5925925,1531151851.8518515,1661529629.6296296,1725351851.8518517,1410796296.2962961,1601366666.6666665,1867733333.3333333,2033085185.185185,0,4.163,5.87,4.223,82.152,-6.149,17.295,-643.0,19.473,35.61,6.776,27.503,2.978,1.755,-2.279,-297.0,1.89,1.624,2.562,3.71,5.652,54
Mauritius,0.06724533333333334,1,0,1,1,0,0,0,4906494249.382551,5894873919.74797,6667418752.073067,6576108447.475309,7028810680.890765,8150150209.22501,9990356673.734972,9128843109.155876,10003670690.349657,11518413429.968351,11668696396.788656,12292974141.40443,13074129952.053152,12007291045.648907,12594155464.413633,13713506130.608124,14735695930.972702,14436346979.63554,11408106446.31438,11484348857.85287,12927979286.045298,14644524819.005362,0,20.98,26.98,33.031,40.457,26.829,14.34,50.165,52.485,40.555,44.53,33.169,24.114,26.786,46.781,38.099,25.302,27.499,37.168,41.561,51.187,72
Indonesia,9115239.886160208,1,1,1,1,0,1,0,195660611165.18344,234772463823.80835,256836875295.4519,285868619196.0848,364570515618.35803,432216737774.86053,510228634992.2551,539580085612.4014,755094157594.5243,892969104529.572,917869913364.9175,912524136718.0182,890814755511.0135,860854232717.7178,931877364034.1964,1015618744168.083,1042271532953.4915,1119099871385.795,1059054842711.5549,1186509691070.9749,1319076267291.5083,1371171152331.155,1,-3138852.0,-3976242.0,-3343225.0,-3386674.0,-3264255.0,-5088549.0,-3651876.0,-1721242.0,-1614363.0,-854.053,-977.321,-1677603.0,-1160558.0,-2291487.0,-1165783.0,-1277196.0,-2175144.0,-5518951.0,-3005662.0,-4624983.0,112
Togo,63774.83535264516,1,1,1,1,0,0,0,2410199032.4310193,2987984050.9931836,3191561508.690881,3221910408.4651566,3320907721.745081,3759964943.3807755,4578849657.998125,4721890900.226346,4746389531.695903,5422442166.441457,5413544658.415346,6021732977.265842,6393318261.827121,5755461035.380258,6071170959.120933,6387422517.692251,7029300383.080308,6992700101.371879,7400284167.784795,8342243645.944384,8169476148.956921,9171261837.57103,0,17.413,15.669,20.54,23.352,9.845,26.33,29.597,35.744,12.752,-5.23,142.531,309.013,1011828.0,1016708.0,1252772.0,763.733,433.353,2293943.0,975.432,141.727,163
Bosnia and Herzegovina,3975133.5496340003,1,1,1,1,0,0,0,6728220886.645462,8498894359.386289,10156541538.39903,11222796336.542631,12864841905.954311,15778734264.37873,19112796623.117504,17613949091.229362,17176315803.729837,18644233537.109337,17226735995.690475,18179108530.526096,18558733564.4692,16404348871.443703,17116926327.624695,18326373366.110527,20484053868.92458,20482608755.378956,20226036564.412888,23672712242.214893,24534663636.17784,27514782476.040558,0,7.116,12.964,20.592,17.032,7.915,18.039,12.688,5.993,9.881,10.972,-3.562,-8.85,-17.788,-18.538,-20.146,-13.468,-20.117,-37.135,-30.823,-20.276,80
Zambia,64622.984388584904,1,1,1,1,0,0,0,4193850445.4263234,4901869764.059568,6221110219.455416,8331870169.149771,12756858899.281174,14056957976.264833,17910858637.904797,15328342303.957512,20265559483.854828,23459515275.577595,25503060420.026028,28037239462.71422,27141023558.08286,21251216798.776245,20958412538.309345,25873601260.835304,26311507273.67354,23308667781.225754,18137764930.65097,22096416932.008896,29163782140.485832,27577956471.243988,0,-239.211,-424.97,-589.724,-287.092,-346.274,-363.559,-475.36,-306.118,-237.446,-341.532,-315.96,-273.884,-164.972,-81.688,-38.507,2.372,-72.215,-68.13,-38.408,-3.445,153
Liberia,78246.70685467648,1,1,1,1,0,0,0,927000000.0,748000000.0,897000000.0,949000000.0,1119000000.0,1373000000.0,1726000000.0,1768000000.0,1998000000.0,2398000000.0,2791614000.0,3177198100.0,3225652000.0,3227075700.0,3398419600.0,3390703400.0,3422754800.0,3319596500.0,3176126300.0,3513049500.0,4001047000.0,4240000000.0,0,1979452.0,3153139.0,2510427.0,2779925.0,4883838.0,5401248.0,7388070.0,3802470.0,3506557.0,2967392.0,1301250.0,3641793.0,1296027.0,1388911.0,1693810.0,2126952.0,1983897.0,4162314.0,4027230.0,5170965.0,177
